{"cameraMode":{"drawMode":0,"name":"Shaded","section":"Shading Mode"},"sceneLighting":false,"audioPlay":false,"sceneViewState":{"m_AlwaysRefresh":false,"showFog":true,"showSkybox":false,"showFlares":true,"showImageEffects":true,"showParticleSystems":true,"showVisualEffectGraphs":true,"m_FxEnabled":true},"in2DMode":false,"pivot":{"x":-0.7150356769561768,"y":-0.20517565310001374,"z":0.28266966342926028},"rotation":{"x":0.21792401373386384,"y":-0.09759421646595001,"z":0.02190760150551796,"w":0.9708408117294312},"size":1.0013021230697632,"orthographic":false}