{"cameraMode":{"drawMode":0,"name":"Shaded","section":"Shading Mode"},"sceneLighting":false,"audioPlay":false,"sceneViewState":{"m_AlwaysRefresh":false,"showFog":true,"showSkybox":false,"showFlares":true,"showImageEffects":true,"showParticleSystems":true,"showVisualEffectGraphs":true,"m_FxEnabled":true},"in2DMode":false,"pivot":{"x":2.4452037811279299,"y":-0.6968790292739868,"z":3.747044563293457},"rotation":{"x":0.12111642956733704,"y":0.3974017798900604,"z":-0.053054481744766238,"w":0.9081161022186279},"size":4.042014122009277,"orthographic":false}