{"cameraMode":{"drawMode":0,"name":"Shaded","section":"Shading Mode"},"sceneLighting":false,"audioPlay":false,"sceneViewState":{"m_AlwaysRefresh":false,"showFog":true,"showSkybox":false,"showFlares":true,"showImageEffects":true,"showParticleSystems":true,"showVisualEffectGraphs":true,"m_FxEnabled":true},"in2DMode":false,"pivot":{"x":8.045408248901368,"y":6.366541862487793,"z":-6.3495564460754398},"rotation":{"x":0.273102730512619,"y":-0.004314568359404802,"z":0.0012420148123055697,"w":0.9620118141174316},"size":15.525554656982422,"orthographic":false}