{"cameraMode":{"drawMode":0,"name":"Shaded","section":"Shading Mode"},"sceneLighting":false,"audioPlay":false,"sceneViewState":{"m_AlwaysRefresh":false,"showFog":true,"showSkybox":false,"showFlares":true,"showImageEffects":true,"showParticleSystems":true,"showVisualEffectGraphs":true,"m_FxEnabled":true},"in2DMode":false,"pivot":{"x":-1.2009299993515015,"y":1.8919098377227784,"z":12.20402717590332},"rotation":{"x":0.24558594822883607,"y":0.002873508958145976,"z":-0.0009132659761235118,"w":0.9694385528564453},"size":15.933319091796875,"orthographic":false}