{"cameraMode":{"drawMode":0,"name":"Shaded","section":"Shading Mode"},"sceneLighting":false,"audioPlay":false,"sceneViewState":{"m_AlwaysRefresh":false,"showFog":true,"showSkybox":false,"showFlares":true,"showImageEffects":true,"showParticleSystems":true,"showVisualEffectGraphs":true,"m_FxEnabled":true},"in2DMode":false,"pivot":{"x":0.6949732303619385,"y":-0.02070629596710205,"z":-1.3698461055755616},"rotation":{"x":-0.15430137515068055,"y":0.7261088490486145,"z":-0.1730768382549286,"w":-0.6473110914230347},"size":1.2941737174987794,"orthographic":false}