{"cameraMode":{"drawMode":0,"name":"Shaded","section":"Shading Mode"},"sceneLighting":false,"audioPlay":false,"sceneViewState":{"m_AlwaysRefresh":false,"showFog":true,"showSkybox":false,"showFlares":true,"showImageEffects":true,"showParticleSystems":true,"showVisualEffectGraphs":true,"m_FxEnabled":true},"in2DMode":false,"pivot":{"x":-3.9042656421661379,"y":4.732512474060059,"z":17.365623474121095},"rotation":{"x":-0.2526683211326599,"y":-0.05770865082740784,"z":0.015126843005418778,"w":-0.9657279849052429},"size":1.2124359607696534,"orthographic":false}